Timestamp,Ticker,Sector,Conviction,Timeframe,Momentum_Signal,Market_Regime,Spot_Price,Target_Expiry,Actual_DTE,Call_Wall_Ceiling,Put_Wall_Floor,Gamma_Flip,Confirmed_Strategy,Target_Strikes,Phase,1D%,5D%,1M%,RSI,Alert,Open,High,Low,Close,Volume,Actionable_Strategy
2026-09-21 17:32:04,A,Moomoo Default,High,~7 DTE,Breakout,NEGATIVE GAMMA,161.87,2026-10-16,25,160.0,140.0,161.87,Stand Aside (Conflicting Signals),,Strong_Expansion,3.52,10.33,3.63,69.0,VOLATILITY,167.35,170.45,166.49,170.23,528541,QUANT SIGNAL: Breakout
2026-09-21 17:32:04,A,Moomoo Default,High,~28 DTE,Breakout,NEGATIVE GAMMA,161.87,2026-10-16,25,160.0,140.0,161.87,Stand Aside (Conflicting Signals),,Strong_Expansion,3.52,10.33,3.63,69.0,VOLATILITY,167.35,170.45,166.49,170.23,528541,QUANT SIGNAL: Breakout
2026-09-21 17:33:04,ABBV,Moomoo Default,High,~7 DTE,Breakout,POSITIVE GAMMA,264.8901,2026-09-25,4,265.0,255.0,260.0,Stand Aside (Conflicting Signals),,Strong_Expansion,0.32,1.16,1.14,60.0,,261.27,264.22,260.29,263.72,1532805,QUANT SIGNAL: Breakout
2026-09-21 17:33:04,ABBV,Moomoo Default,High,~28 DTE,Breakout,NEGATIVE GAMMA,264.8901,2026-10-16,25,280.0,230.0,270.0,Stand Aside (Conflicting Signals),,Strong_Expansion,0.32,1.16,1.14,60.0,,261.27,264.22,260.29,263.72,1532805,QUANT SIGNAL: Breakout
2026-09-21 17:32:32,ADI,Moomoo Default,High,~7 DTE,Breakout,POSITIVE GAMMA,381.08,2026-09-25,4,380.0,350.0,367.5,Stand Aside (Conflicting Signals),,Strong_Expansion,1.43,5.56,3.24,58.2,,417.62,419.0,409.64,417.0,739884,QUANT SIGNAL: Breakout
2026-09-21 17:32:32,ADI,Moomoo Default,High,~28 DTE,Breakout,POSITIVE GAMMA,381.08,2026-10-16,25,400.0,330.0,370.0,Stand Aside (Conflicting Signals),,Strong_Expansion,1.43,5.56,3.24,58.2,,417.62,419.0,409.64,417.0,739884,QUANT SIGNAL: Breakout
2026-09-21 17:32:09,AKAM,Moomoo Default,High,~7 DTE,Breakout,POSITIVE GAMMA,116.045,2026-09-25,4,120.0,95.0,110.0,Stand Aside (Conflicting Signals),,Strong_Expansion,11.05,9.95,5.43,58.3,VOLATILITY,108.86,109.54,106.28,107.35,2253414,QUANT SIGNAL: Breakout
2026-09-21 17:32:09,AKAM,Moomoo Default,High,~28 DTE,Breakout,POSITIVE GAMMA,116.045,2026-10-16,25,125.0,90.0,115.0,Stand Aside (Conflicting Signals),,Strong_Expansion,11.05,9.95,5.43,58.3,VOLATILITY,108.86,109.54,106.28,107.35,2253414,QUANT SIGNAL: Breakout
2026-09-21 17:31:37,AMD,Moomoo Default,High,~7 DTE,Breakout,POSITIVE GAMMA,606.48,2026-09-25,4,600.0,530.0,580.0,Stand Aside (Conflicting Signals),,Strong_Expansion,8.35,22.94,29.21,72.0,VOLATILITY,630.34,633.5,620.0,630.93,8003809,QUANT SIGNAL: Breakout
2026-09-21 17:31:37,AMD,Moomoo Default,High,~28 DTE,Breakout,POSITIVE GAMMA,606.48,2026-10-16,25,600.0,500.0,600.0,Stand Aside (Conflicting Signals),,Strong_Expansion,8.35,22.94,29.21,72.0,VOLATILITY,630.34,633.5,620.0,630.93,8003809,QUANT SIGNAL: Breakout
2026-09-21 17:31:52,AME,Moomoo Default,High,~7 DTE,Breakout,POSITIVE GAMMA,241.52,2026-10-16,25,250.0,220.0,240.0,Stand Aside (Conflicting Signals),,Strong_Expansion,1.58,3.47,1.12,53.7,VOLATILITY,251.9,254.22,250.44,253.91,286565,QUANT SIGNAL: Breakout
2026-09-21 17:31:52,AME,Moomoo Default,High,~28 DTE,Breakout,POSITIVE GAMMA,241.52,2026-10-16,25,250.0,220.0,240.0,Stand Aside (Conflicting Signals),,Strong_Expansion,1.58,3.47,1.12,53.7,VOLATILITY,251.9,254.22,250.44,253.91,286565,QUANT SIGNAL: Breakout
2026-09-21 17:31:55,ANET,Moomoo Default,High,~7 DTE,Breakout,POSITIVE GAMMA,203.025,2026-09-25,4,200.0,182.5,192.5,Stand Aside (Conflicting Signals),,Strong_Expansion,1.88,8.16,10.55,58.4,VOLATILITY,207.76,208.91,204.51,207.27,1641146,QUANT SIGNAL: Breakout
2026-09-21 17:31:55,ANET,Moomoo Default,High,~28 DTE,Breakout,NEGATIVE GAMMA,203.025,2026-10-16,25,220.0,190.0,203.025,Stand Aside (Conflicting Signals),,Strong_Expansion,1.88,8.16,10.55,58.4,VOLATILITY,207.76,208.91,204.51,207.27,1641146,QUANT SIGNAL: Breakout
2026-09-21 17:32:17,APH,Moomoo Default,High,~7 DTE,Breakout,POSITIVE GAMMA,80.77,2026-10-16,25,85.0,67.5,77.5,Stand Aside (Conflicting Signals),,Strong_Expansion,4.1,2.78,5.45,51.6,VOLATILITY,86.75,87.7,86.65,87.18,3669922,QUANT SIGNAL: Breakout
2026-09-21 17:32:17,APH,Moomoo Default,High,~28 DTE,Breakout,POSITIVE GAMMA,80.77,2026-10-16,25,85.0,67.5,77.5,Stand Aside (Conflicting Signals),,Strong_Expansion,4.1,2.78,5.45,51.6,VOLATILITY,86.75,87.7,86.65,87.18,3669922,QUANT SIGNAL: Breakout
2026-09-21 17:33:11,BBY,Moomoo Default,High,~7 DTE,Breakout,POSITIVE GAMMA,94.2,2026-09-25,4,96.0,91.0,92.0,Stand Aside (Conflicting Signals),,Strong_Expansion,1.49,0.41,11.07,62.7,,88.06,88.38,86.15,87.68,1082235,QUANT SIGNAL: Breakout
2026-09-21 17:33:11,BBY,Moomoo Default,High,~28 DTE,Breakout,POSITIVE GAMMA,94.2,2026-10-16,25,90.0,85.0,92.5,Stand Aside (Conflicting Signals),,Strong_Expansion,1.49,0.41,11.07,62.7,,88.06,88.38,86.15,87.68,1082235,QUANT SIGNAL: Breakout
2026-09-21 17:31:48,BE,Moomoo Default,High,~7 DTE,Breakout,POSITIVE GAMMA,274.265,2026-09-25,4,300.0,250.0,262.5,Stand Aside (Conflicting Signals),,Strong_Expansion,3.17,6.61,35.34,59.9,VOLATILITY,289.99,291.96,282.34,287.58,4471490,QUANT SIGNAL: Breakout
2026-09-21 17:31:48,BE,Moomoo Default,High,~28 DTE,Breakout,POSITIVE GAMMA,274.265,2026-10-16,25,280.0,200.0,260.0,Stand Aside (Conflicting Signals),,Strong_Expansion,3.17,6.61,35.34,59.9,VOLATILITY,289.99,291.96,282.34,287.58,4471490,QUANT SIGNAL: Breakout
2026-09-21 17:31:54,BIIB,Moomoo Default,High,~7 DTE,Breakout,POSITIVE GAMMA,220.95,2026-09-25,4,215.0,207.5,212.5,Stand Aside (Conflicting Signals),,Strong_Expansion,2.52,1.64,3.07,56.9,VOLATILITY,220.0,221.77,218.22,221.06,334387,QUANT SIGNAL: Breakout
2026-09-21 17:31:54,BIIB,Moomoo Default,High,~28 DTE,Breakout,POSITIVE GAMMA,220.95,2026-10-16,25,220.0,200.0,210.0,Stand Aside (Conflicting Signals),,Strong_Expansion,2.52,1.64,3.07,56.9,VOLATILITY,220.0,221.77,218.22,221.06,334387,QUANT SIGNAL: Breakout
2026-09-21 17:32:27,CAT,Moomoo Default,High,~7 DTE,Breakout,POSITIVE GAMMA,818.6099,2026-09-25,4,1210.0,760.0,800.0,Stand Aside (Conflicting Signals),,Strong_Expansion,1.05,4.27,0.26,50.5,,843.17,855.68,821.93,854.27,990441,QUANT SIGNAL: Breakout
2026-09-21 17:32:27,CAT,Moomoo Default,High,~28 DTE,Breakout,POSITIVE GAMMA,818.6099,2026-10-16,25,930.0,750.0,800.0,Stand Aside (Conflicting Signals),,Strong_Expansion,1.05,4.27,0.26,50.5,,843.17,855.68,821.93,854.27,990441,QUANT SIGNAL: Breakout
2026-09-21 17:32:12,CIBR,Moomoo Default,High,~7 DTE,Breakout,POSITIVE GAMMA,102.34,2026-10-16,25,105.0,95.0,100.0,Stand Aside (Conflicting Signals),,Strong_Expansion,2.45,2.27,9.49,61.4,VOLATILITY,105.0,105.91,104.39,105.89,1998256,QUANT SIGNAL: Breakout
2026-09-21 17:32:12,CIBR,Moomoo Default,High,~28 DTE,Breakout,POSITIVE GAMMA,102.34,2026-10-16,25,105.0,95.0,100.0,Stand Aside (Conflicting Signals),,Strong_Expansion,2.45,2.27,9.49,61.4,VOLATILITY,105.0,105.91,104.39,105.89,1998256,QUANT SIGNAL: Breakout
2026-09-21 17:31:47,COHR,Moomoo Default,High,~7 DTE,Breakout,POSITIVE GAMMA,323.57,2026-09-25,4,320.0,270.0,305.0,Stand Aside (Conflicting Signals),,Strong_Expansion,1.96,21.42,11.57,57.6,VOLATILITY,340.92,341.76,326.46,334.01,2818978,QUANT SIGNAL: Breakout
2026-09-21 17:31:47,COHR,Moomoo Default,High,~28 DTE,Breakout,POSITIVE GAMMA,323.57,2026-10-16,25,320.0,240.0,305.0,Stand Aside (Conflicting Signals),,Strong_Expansion,1.96,21.42,11.57,57.6,VOLATILITY,340.92,341.76,326.46,334.01,2818978,QUANT SIGNAL: Breakout
2026-09-21 17:31:50,CRWD,Moomoo Default,High,~7 DTE,Breakout,POSITIVE GAMMA,247.56,2026-09-25,4,250.0,200.0,237.5,Stand Aside (Conflicting Signals),,Strong_Expansion,4.15,5.15,30.03,64.0,VOLATILITY,271.13,272.8,268.33,272.8,2308979,QUANT SIGNAL: Breakout
2026-09-21 17:31:50,CRWD,Moomoo Default,High,~28 DTE,Breakout,POSITIVE GAMMA,247.56,2026-10-16,25,300.0,205.0,237.5,Stand Aside (Conflicting Signals),,Strong_Expansion,4.15,5.15,30.03,64.0,VOLATILITY,271.13,272.8,268.33,272.8,2308979,QUANT SIGNAL: Breakout
2026-09-21 17:32:16,DAL,Moomoo Default,High,~7 DTE,Breakout,POSITIVE GAMMA,81.595,2026-09-25,4,82.0,77.0,79.0,Stand Aside (Conflicting Signals),,Strong_Expansion,2.45,2.22,0.63,51.0,VOLATILITY,85.0,85.35,83.35,83.68,3494084,QUANT SIGNAL: Breakout
2026-09-21 17:32:16,DAL,Moomoo Default,High,~28 DTE,Breakout,POSITIVE GAMMA,81.595,2026-10-16,25,87.5,80.0,80.0,Stand Aside (Conflicting Signals),,Strong_Expansion,2.45,2.22,0.63,51.0,VOLATILITY,85.0,85.35,83.35,83.68,3494084,QUANT SIGNAL: Breakout
2026-09-21 17:31:51,DDOG,Moomoo Default,High,~7 DTE,Breakout,POSITIVE GAMMA,241.53,2026-09-25,4,240.0,215.0,230.0,Stand Aside (Conflicting Signals),,Strong_Expansion,5.05,4.99,3.87,55.3,VOLATILITY,277.81,281.85,277.0,279.31,918112,QUANT SIGNAL: Breakout
2026-09-21 17:31:51,DDOG,Moomoo Default,High,~28 DTE,Breakout,POSITIVE GAMMA,241.53,2026-10-16,25,260.0,200.0,230.0,Stand Aside (Conflicting Signals),,Strong_Expansion,5.05,4.99,3.87,55.3,VOLATILITY,277.81,281.85,277.0,279.31,918112,QUANT SIGNAL: Breakout
2026-09-21 17:32:29,DE,Moomoo Default,High,~7 DTE,Breakout,POSITIVE GAMMA,693.71,2026-09-25,4,700.0,680.0,680.0,Stand Aside (Conflicting Signals),,Strong_Expansion,1.26,1.63,11.54,63.2,,688.88,690.0,676.31,687.41,279917,QUANT SIGNAL: Breakout
2026-09-21 17:32:29,DE,Moomoo Default,High,~28 DTE,Breakout,POSITIVE GAMMA,693.71,2026-10-16,25,710.0,650.0,687.5,Stand Aside (Conflicting Signals),,Strong_Expansion,1.26,1.63,11.54,63.2,,688.88,690.0,676.31,687.41,279917,QUANT SIGNAL: Breakout
2026-09-21 17:31:39,DELL,Moomoo Default,High,~7 DTE,Breakout,POSITIVE GAMMA,576.61,2026-09-25,4,600.0,480.0,565.0,Stand Aside (Conflicting Signals),,Strong_Expansion,1.74,8.17,32.93,63.2,VOLATILITY,557.01,560.1,546.0,551.24,2370671,QUANT SIGNAL: Breakout
2026-09-21 17:31:39,DELL,Moomoo Default,High,~28 DTE,Breakout,POSITIVE GAMMA,576.61,2026-10-16,25,700.0,500.0,560.0,Stand Aside (Conflicting Signals),,Strong_Expansion,1.74,8.17,32.93,63.2,VOLATILITY,557.01,560.1,546.0,551.24,2370671,QUANT SIGNAL: Breakout
2026-09-21 17:32:22,DRAM,Moomoo Default,High,~28 DTE,Breakout,POSITIVE GAMMA,61.35,2026-10-16,25,70.0,55.0,58.0,Stand Aside (Conflicting Signals),,Strong_Expansion,2.87,11.9,6.5,58.7,VOLATILITY,61.68,62.07,61.38,61.76,10806684,QUANT SIGNAL: Breakout
2026-09-21 17:32:13,ECHO,Moomoo Default,High,~7 DTE,Breakout,POSITIVE GAMMA,95.3192,2026-09-25,4,96.0,70.0,94.0,Stand Aside (Conflicting Signals),,Strong_Expansion,1.99,1.52,9.66,61.1,VOLATILITY,94.72,99.55,94.21,98.31,3219030,QUANT SIGNAL: Breakout
2026-09-21 17:32:13,ECHO,Moomoo Default,High,~28 DTE,Breakout,NEGATIVE GAMMA,95.3192,2026-10-16,25,90.0,80.0,95.3192,Stand Aside (Conflicting Signals),,Strong_Expansion,1.99,1.52,9.66,61.1,VOLATILITY,94.72,99.55,94.21,98.31,3219030,QUANT SIGNAL: Breakout
2026-09-21 17:32:20,EEM,Moomoo Default,High,~7 DTE,Breakout,POSITIVE GAMMA,68.6999,2026-09-30,9,69.0,67.0,67.0,Stand Aside (Conflicting Signals),,Strong_Expansion,2.5,4.11,3.13,59.4,VOLATILITY,68.45,68.76,68.36,68.7,8971878,QUANT SIGNAL: Breakout
2026-09-21 17:32:20,EEM,Moomoo Default,High,~28 DTE,Breakout,POSITIVE GAMMA,68.6999,2026-10-16,25,65.0,57.0,65.0,Stand Aside (Conflicting Signals),,Strong_Expansion,2.5,4.11,3.13,59.4,VOLATILITY,68.45,68.76,68.36,68.7,8971878,QUANT SIGNAL: Breakout
2026-09-21 17:31:42,ETN,Moomoo Default,High,~7 DTE,Breakout,POSITIVE GAMMA,434.9,2026-09-25,4,450.0,400.0,410.0,Stand Aside (Conflicting Signals),,Strong_Expansion,2.28,10.5,4.61,58.1,VOLATILITY,436.48,439.76,431.38,437.05,713518,QUANT SIGNAL: Breakout
2026-09-21 17:31:42,ETN,Moomoo Default,High,~28 DTE,Breakout,POSITIVE GAMMA,434.9,2026-10-16,25,450.0,420.0,420.0,Stand Aside (Conflicting Signals),,Strong_Expansion,2.28,10.5,4.61,58.1,VOLATILITY,436.48,439.76,431.38,437.05,713518,QUANT SIGNAL: Breakout
2026-09-21 17:31:41,FFIV,Moomoo Default,High,~7 DTE,Breakout,POSITIVE GAMMA,442.41,2026-10-16,25,470.0,440.0,420.0,Stand Aside (Conflicting Signals),,Strong_Expansion,2.6,7.72,17.33,65.6,VOLATILITY,453.22,459.69,452.88,458.17,131325,QUANT SIGNAL: Breakout
2026-09-21 17:31:41,FFIV,Moomoo Default,High,~28 DTE,Breakout,POSITIVE GAMMA,442.41,2026-10-16,25,470.0,440.0,420.0,Stand Aside (Conflicting Signals),,Strong_Expansion,2.6,7.72,17.33,65.6,VOLATILITY,453.22,459.69,452.88,458.17,131325,QUANT SIGNAL: Breakout
2026-09-21 17:32:02,FTNT,Moomoo Default,High,~7 DTE,Breakout,POSITIVE GAMMA,174.48,2026-09-25,4,177.5,155.0,167.5,Stand Aside (Conflicting Signals),,Strong_Expansion,2.7,2.49,15.67,61.8,VOLATILITY,180.13,183.65,179.41,183.53,1189934,QUANT SIGNAL: Breakout
2026-09-21 17:32:02,FTNT,Moomoo Default,High,~28 DTE,Breakout,POSITIVE GAMMA,174.48,2026-10-16,25,185.0,160.0,165.0,Stand Aside (Conflicting Signals),,Strong_Expansion,2.7,2.49,15.67,61.8,VOLATILITY,180.13,183.65,179.41,183.53,1189934,QUANT SIGNAL: Breakout
2026-09-21 17:33:08,GILD,Moomoo Default,High,~7 DTE,Breakout,POSITIVE GAMMA,151.38,2026-09-25,4,147.0,145.0,146.0,Stand Aside (Conflicting Signals),,Strong_Expansion,0.81,3.94,6.09,64.5,,143.21,145.16,142.79,144.23,1651328,QUANT SIGNAL: Breakout
2026-09-21 17:33:08,GILD,Moomoo Default,High,~28 DTE,Breakout,POSITIVE GAMMA,151.38,2026-10-16,25,145.0,135.0,145.0,Stand Aside (Conflicting Signals),,Strong_Expansion,0.81,3.94,6.09,64.5,,143.21,145.16,142.79,144.23,1651328,QUANT SIGNAL: Breakout
2026-09-21 17:32:05,GLW,Moomoo Default,High,~7 DTE,Breakout,POSITIVE GAMMA,158.17,2026-09-25,4,170.0,145.0,149.0,Stand Aside (Conflicting Signals),,Strong_Expansion,5.42,10.22,4.7,53.0,VOLATILITY,164.68,164.84,158.77,160.21,2982515,QUANT SIGNAL: Breakout
2026-09-21 17:32:05,GLW,Moomoo Default,High,~28 DTE,Breakout,POSITIVE GAMMA,158.17,2026-10-16,25,165.0,135.0,150.0,Stand Aside (Conflicting Signals),,Strong_Expansion,5.42,10.22,4.7,53.0,VOLATILITY,164.68,164.84,158.77,160.21,2982515,QUANT SIGNAL: Breakout
2026-09-21 17:31:45,GOOG,Moomoo Default,High,~7 DTE,Breakout,POSITIVE GAMMA,352.1,2026-09-25,4,360.0,330.0,337.5,Stand Aside (Conflicting Signals),,Strong_Expansion,2.29,1.91,4.24,59.6,VOLATILITY,339.38,343.57,339.15,343.23,5812828,QUANT SIGNAL: Breakout
2026-09-21 17:31:45,GOOG,Moomoo Default,High,~28 DTE,Breakout,POSITIVE GAMMA,352.1,2026-10-16,25,365.0,305.0,340.0,Stand Aside (Conflicting Signals),,Strong_Expansion,2.29,1.91,4.24,59.6,VOLATILITY,339.38,343.57,339.15,343.23,5812828,QUANT SIGNAL: Breakout
2026-09-21 17:31:43,GOOGL,Moomoo Default,High,~7 DTE,Breakout,POSITIVE GAMMA,355.6304,2026-09-25,4,400.0,325.0,345.0,Stand Aside (Conflicting Signals),,Strong_Expansion,1.89,1.93,4.61,59.6,VOLATILITY,342.7,346.58,342.41,346.22,9148762,QUANT SIGNAL: Breakout
2026-09-21 17:31:43,GOOGL,Moomoo Default,High,~28 DTE,Breakout,POSITIVE GAMMA,355.6304,2026-10-16,25,375.0,330.0,340.0,Stand Aside (Conflicting Signals),,Strong_Expansion,1.89,1.93,4.61,59.6,VOLATILITY,342.7,346.58,342.41,346.22,9148762,QUANT SIGNAL: Breakout
2026-09-21 17:32:21,HPE,Moomoo Default,High,~7 DTE,Breakout,NEGATIVE GAMMA,61.68,2026-09-25,4,65.0,55.0,61.68,Stand Aside (Conflicting Signals),,Strong_Expansion,1.58,11.67,16.99,60.8,VOLATILITY,68.92,69.1,66.95,68.54,7742247,QUANT SIGNAL: Breakout
2026-09-21 17:32:21,HPE,Moomoo Default,High,~28 DTE,Breakout,POSITIVE GAMMA,61.68,2026-10-16,25,55.0,50.0,58.0,Stand Aside (Conflicting Signals),,Strong_Expansion,1.58,11.67,16.99,60.8,VOLATILITY,68.92,69.1,66.95,68.54,7742247,QUANT SIGNAL: Breakout
2026-09-21 17:31:29,HPQ,Moomoo Default,Standard,~7 DTE,Bullish,POSITIVE GAMMA,33.18,2026-09-25,4,35.0,32.0,32.5,Bull Put Credit Spread,Short Put: $32.00,Pullback_Reset,-3.36,-2.28,13.91,56.9,VOLATILITY,32.0,32.06,31.15,31.3,3826208,QUANT SIGNAL: Bullish
2026-09-21 17:31:29,HPQ,Moomoo Default,Standard,~28 DTE,Bullish,POSITIVE GAMMA,33.18,2026-10-16,25,35.0,29.0,31.5,Bull Put Credit Spread,Short Put: $29.00,Pullback_Reset,-3.36,-2.28,13.91,56.9,VOLATILITY,32.0,32.06,31.15,31.3,3826208,QUANT SIGNAL: Bullish
2026-09-21 17:32:14,IBKR,Moomoo Default,High,~7 DTE,Breakout,POSITIVE GAMMA,93.55,2026-09-25,4,93.0,85.0,90.0,Stand Aside (Conflicting Signals),,Strong_Expansion,3.13,3.06,4.19,54.7,VOLATILITY,88.9,89.32,88.09,89.03,1376094,QUANT SIGNAL: Breakout
2026-09-21 17:32:14,IBKR,Moomoo Default,High,~28 DTE,Breakout,POSITIVE GAMMA,93.55,2026-10-16,25,95.0,85.0,89.0,Stand Aside (Conflicting Signals),,Strong_Expansion,3.13,3.06,4.19,54.7,VOLATILITY,88.9,89.32,88.09,89.03,1376094,QUANT SIGNAL: Breakout
2026-09-21 17:33:06,ILMN,Moomoo Default,High,~7 DTE,Breakout,NEGATIVE GAMMA,242.12,2026-10-16,25,240.0,200.0,242.12,Stand Aside (Conflicting Signals),,Strong_Expansion,0.88,16.09,13.36,66.6,,273.0,287.7,271.61,287.56,1571763,QUANT SIGNAL: Breakout
2026-09-21 17:33:06,ILMN,Moomoo Default,High,~28 DTE,Breakout,NEGATIVE GAMMA,242.12,2026-10-16,25,240.0,200.0,242.12,Stand Aside (Conflicting Signals),,Strong_Expansion,0.88,16.09,13.36,66.6,,273.0,287.7,271.61,287.56,1571763,QUANT SIGNAL: Breakout
2026-09-21 17:32:08,INTC,Moomoo Default,High,~7 DTE,Breakout,POSITIVE GAMMA,121.52,2026-09-25,4,115.0,100.0,115.0,Stand Aside (Conflicting Signals),,Strong_Expansion,11.85,24.98,31.84,70.7,VOLATILITY,115.57,118.06,115.31,116.74,53931514,QUANT SIGNAL: Breakout
2026-09-21 17:32:08,INTC,Moomoo Default,High,~28 DTE,Breakout,NEGATIVE GAMMA,121.52,2026-10-16,25,110.0,80.0,121.52,Stand Aside (Conflicting Signals),,Strong_Expansion,11.85,24.98,31.84,70.7,VOLATILITY,115.57,118.06,115.31,116.74,53931514,QUANT SIGNAL: Breakout
2026-09-21 17:33:03,IQV,Moomoo Default,High,~7 DTE,Breakout,POSITIVE GAMMA,268.73,2026-10-16,25,290.0,250.0,260.0,Stand Aside (Conflicting Signals),,Strong_Expansion,0.87,1.15,4.95,63.4,,258.51,263.81,258.65,263.13,525266,QUANT SIGNAL: Breakout
2026-09-21 17:33:03,IQV,Moomoo Default,High,~28 DTE,Breakout,POSITIVE GAMMA,268.73,2026-10-16,25,290.0,250.0,260.0,Stand Aside (Conflicting Signals),,Strong_Expansion,0.87,1.15,4.95,63.4,,258.51,263.81,258.65,263.13,525266,QUANT SIGNAL: Breakout
2026-09-21 17:33:09,JCI,Moomoo Default,High,~7 DTE,Breakout,POSITIVE GAMMA,144.995,2026-10-16,25,170.0,125.0,140.0,Stand Aside (Conflicting Signals),,Strong_Expansion,1.11,5.16,1.19,52.8,,155.72,157.53,154.25,156.48,1010633,QUANT SIGNAL: Breakout
2026-09-21 17:33:09,JCI,Moomoo Default,High,~28 DTE,Breakout,POSITIVE GAMMA,144.995,2026-10-16,25,170.0,125.0,140.0,Stand Aside (Conflicting Signals),,Strong_Expansion,1.11,5.16,1.19,52.8,,155.72,157.53,154.25,156.48,1010633,QUANT SIGNAL: Breakout
2026-09-21 17:33:01,JNJ,Moomoo Default,High,~7 DTE,Breakout,POSITIVE GAMMA,271.045,2026-09-25,4,290.0,265.0,267.5,Stand Aside (Conflicting Signals),,Strong_Expansion,0.33,1.71,1.81,56.4,,256.0,256.2,252.87,254.1,3975305,QUANT SIGNAL: Breakout
2026-09-21 17:33:01,JNJ,Moomoo Default,High,~28 DTE,Breakout,POSITIVE GAMMA,271.045,2026-10-16,25,280.0,260.0,257.5,Stand Aside (Conflicting Signals),,Strong_Expansion,0.33,1.71,1.81,56.4,,256.0,256.2,252.87,254.1,3975305,QUANT SIGNAL: Breakout
2026-09-21 17:31:46,KEYS,Moomoo Default,High,~7 DTE,Breakout,NEGATIVE GAMMA,340.845,2026-10-16,25,350.0,290.0,340.845,Stand Aside (Conflicting Signals),,Strong_Expansion,1.71,8.18,7.65,57.2,VOLATILITY,386.89,388.75,383.94,384.68,296713,QUANT SIGNAL: Breakout
2026-09-21 17:31:46,KEYS,Moomoo Default,High,~28 DTE,Breakout,NEGATIVE GAMMA,340.845,2026-10-16,25,350.0,290.0,340.845,Stand Aside (Conflicting Signals),,Strong_Expansion,1.71,8.18,7.65,57.2,VOLATILITY,386.89,388.75,383.94,384.68,296713,QUANT SIGNAL: Breakout
2026-09-21 17:33:15,KMI,Moomoo Default,High,~7 DTE,Breakout,POSITIVE GAMMA,31.855,2026-09-25,4,33.0,32.0,31.0,Stand Aside (Conflicting Signals),,Strong_Expansion,0.04,2.88,0.77,54.1,,31.1,31.69,30.8,31.49,3620901,QUANT SIGNAL: Breakout
2026-09-21 17:33:15,KMI,Moomoo Default,High,~28 DTE,Breakout,POSITIVE GAMMA,31.855,2026-10-16,25,34.0,31.0,30.0,Stand Aside (Conflicting Signals),,Strong_Expansion,0.04,2.88,0.77,54.1,,31.1,31.69,30.8,31.49,3620901,QUANT SIGNAL: Breakout
2026-09-21 17:31:34,LITE,Moomoo Default,High,~7 DTE,Breakout,POSITIVE GAMMA,956.87,2026-09-25,4,1000.0,800.0,900.0,Stand Aside (Conflicting Signals),,Strong_Expansion,2.91,14.73,8.95,56.2,VOLATILITY,1092.29,1124.4,1072.04,1091.33,1994455,QUANT SIGNAL: Breakout
2026-09-21 17:31:34,LITE,Moomoo Default,High,~28 DTE,Breakout,POSITIVE GAMMA,956.87,2026-10-16,25,1000.0,800.0,900.0,Stand Aside (Conflicting Signals),,Strong_Expansion,2.91,14.73,8.95,56.2,VOLATILITY,1092.29,1124.4,1072.04,1091.33,1994455,QUANT SIGNAL: Breakout
2026-09-21 17:33:14,LUV,Moomoo Default,High,~7 DTE,Breakout,POSITIVE GAMMA,41.505,2026-09-25,4,42.0,40.0,40.0,Stand Aside (Conflicting Signals),,Strong_Expansion,1.21,4.95,4.46,54.6,,42.5,42.59,41.69,41.9,2825933,QUANT SIGNAL: Breakout
2026-09-21 17:33:14,LUV,Moomoo Default,High,~28 DTE,Breakout,POSITIVE GAMMA,41.505,2026-10-16,25,42.5,40.0,40.0,Stand Aside (Conflicting Signals),,Strong_Expansion,1.21,4.95,4.46,54.6,,42.5,42.59,41.69,41.9,2825933,QUANT SIGNAL: Breakout
2026-09-21 17:32:19,MAGS,Moomoo Default,High,~7 DTE,Breakout,POSITIVE GAMMA,72.66,2026-09-25,4,71.0,69.0,69.5,Stand Aside (Conflicting Signals),,Strong_Expansion,3.14,3.67,8.65,69.5,VOLATILITY,72.67,73.58,72.61,73.55,1949882,QUANT SIGNAL: Breakout
2026-09-21 17:32:19,MAGS,Moomoo Default,High,~28 DTE,Breakout,POSITIVE GAMMA,72.66,2026-10-16,25,72.0,70.0,71.0,Stand Aside (Conflicting Signals),,Strong_Expansion,3.14,3.67,8.65,69.5,VOLATILITY,72.67,73.58,72.61,73.55,1949882,QUANT SIGNAL: Breakout
2026-09-21 17:31:24,MPC,Moomoo Default,Standard,~7 DTE,Neutral,POSITIVE GAMMA,414.28,2026-10-16,25,440.0,340.0,400.0,Stand Aside (Conflicting Signals),,Consolidating,-2.07,4.96,16.16,73.8,VOLATILITY,422.8,435.7,421.08,435.59,978290,QUANT SIGNAL: Neutral
2026-09-21 17:31:24,MPC,Moomoo Default,Standard,~28 DTE,Neutral,POSITIVE GAMMA,414.28,2026-10-16,25,440.0,340.0,400.0,Stand Aside (Conflicting Signals),,Consolidating,-2.07,4.96,16.16,73.8,VOLATILITY,422.8,435.7,421.08,435.59,978290,QUANT SIGNAL: Neutral
2026-09-21 17:32:06,MRK,Moomoo Default,High,~7 DTE,Breakout,POSITIVE GAMMA,149.17,2026-09-25,4,157.5,145.0,142.0,Stand Aside (Conflicting Signals),,Strong_Expansion,1.52,3.54,0.66,60.8,VOLATILITY,143.67,144.06,138.8,140.46,4679531,QUANT SIGNAL: Breakout
2026-09-21 17:32:06,MRK,Moomoo Default,High,~28 DTE,Breakout,POSITIVE GAMMA,149.17,2026-10-16,25,155.0,130.0,141.0,Stand Aside (Conflicting Signals),,Strong_Expansion,1.52,3.54,0.66,60.8,VOLATILITY,143.67,144.06,138.8,140.46,4679531,QUANT SIGNAL: Breakout
2026-09-21 17:32:03,MRNA,Moomoo Default,High,~7 DTE,Breakout,NEGATIVE GAMMA,169.6807,2026-09-25,4,165.0,150.0,169.6807,Stand Aside (Conflicting Signals),,Strong_Expansion,10.17,15.69,27.3,68.6,VOLATILITY,191.51,203.7,185.9,203.58,10934675,QUANT SIGNAL: Breakout
2026-09-21 17:32:03,MRNA,Moomoo Default,High,~28 DTE,Breakout,NEGATIVE GAMMA,169.6807,2026-10-16,25,200.0,120.0,170.0,Stand Aside (Conflicting Signals),,Strong_Expansion,10.17,15.69,27.3,68.6,VOLATILITY,191.51,203.7,185.9,203.58,10934675,QUANT SIGNAL: Breakout
2026-09-21 17:31:49,MRVL,Moomoo Default,High,~7 DTE,Breakout,NEGATIVE GAMMA,254.18,2026-09-25,4,250.0,220.0,254.18,Stand Aside (Conflicting Signals),,Strong_Expansion,4.33,16.45,1.52,61.6,VOLATILITY,276.22,279.48,267.8,270.16,8214879,QUANT SIGNAL: Breakout
2026-09-21 17:31:49,MRVL,Moomoo Default,High,~28 DTE,Breakout,NEGATIVE GAMMA,254.18,2026-10-16,25,250.0,190.0,260.0,Stand Aside (Conflicting Signals),,Strong_Expansion,4.33,16.45,1.52,61.6,VOLATILITY,276.22,279.48,267.8,270.16,8214879,QUANT SIGNAL: Breakout
2026-09-21 17:31:31,MTD,Moomoo Default,High,~7 DTE,Breakout,NEGATIVE GAMMA,1425.41,2026-10-16,25,1520.0,1180.0,1425.41,Stand Aside (Conflicting Signals),,Strong_Expansion,2.43,10.92,2.37,61.6,VOLATILITY,1483.14,1519.29,1479.15,1519.29,50985,QUANT SIGNAL: Breakout
2026-09-21 17:31:31,MTD,Moomoo Default,High,~28 DTE,Breakout,NEGATIVE GAMMA,1425.41,2026-10-16,25,1520.0,1180.0,1425.41,Stand Aside (Conflicting Signals),,Strong_Expansion,2.43,10.92,2.37,61.6,VOLATILITY,1483.14,1519.29,1479.15,1519.29,50985,QUANT SIGNAL: Breakout
2026-09-21 17:31:33,MU,Moomoo Default,High,~28 DTE,Breakout,POSITIVE GAMMA,1039.9,2026-10-16,25,1200.0,900.0,1000.0,Stand Aside (Conflicting Signals),,Strong_Expansion,2.43,12.6,6.79,60.9,VOLATILITY,1069.55,1074.88,1055.56,1065.4,10214751,QUANT SIGNAL: Breakout
2026-09-21 17:33:07,NTAP,Moomoo Default,High,~7 DTE,Breakout,NEGATIVE GAMMA,198.2,2026-10-16,25,210.0,180.0,198.2,Stand Aside (Conflicting Signals),,Strong_Expansion,0.26,5.33,2.85,58.9,,225.47,229.99,218.29,221.72,1522033,QUANT SIGNAL: Breakout
2026-09-21 17:33:07,NTAP,Moomoo Default,High,~28 DTE,Breakout,NEGATIVE GAMMA,198.2,2026-10-16,25,210.0,180.0,198.2,Stand Aside (Conflicting Signals),,Strong_Expansion,0.26,5.33,2.85,58.9,,225.47,229.99,218.29,221.72,1522033,QUANT SIGNAL: Breakout
2026-09-21 17:31:53,NVDA,Moomoo Default,High,~7 DTE,Breakout,POSITIVE GAMMA,227.2,2026-09-28,7,225.0,210.0,215.0,Stand Aside (Conflicting Signals),,Strong_Expansion,2.25,7.73,4.92,58.3,VOLATILITY,236.07,237.86,235.15,237.49,56945019,QUANT SIGNAL: Breakout
2026-09-21 17:31:53,NVDA,Moomoo Default,High,~28 DTE,Breakout,POSITIVE GAMMA,227.2,2026-10-16,25,220.0,200.0,220.0,Stand Aside (Conflicting Signals),,Strong_Expansion,2.25,7.73,4.92,58.3,VOLATILITY,236.07,237.86,235.15,237.49,56945019,QUANT SIGNAL: Breakout
2026-09-21 17:32:11,P,Moomoo Default,High,~7 DTE,Breakout,NEGATIVE GAMMA,111.95,2026-10-16,25,100.0,95.0,111.95,Stand Aside (Conflicting Signals),,Strong_Expansion,8.11,20.05,2.37,64.7,VOLATILITY,141.3,143.54,140.26,141.27,2113373,QUANT SIGNAL: Breakout
2026-09-21 17:32:11,P,Moomoo Default,High,~28 DTE,Breakout,NEGATIVE GAMMA,111.95,2026-10-16,25,100.0,95.0,111.95,Stand Aside (Conflicting Signals),,Strong_Expansion,8.11,20.05,2.37,64.7,VOLATILITY,141.3,143.54,140.26,141.27,2113373,QUANT SIGNAL: Breakout
2026-09-21 17:31:30,PANW,Moomoo Default,Standard,~7 DTE,Bullish,POSITIVE GAMMA,369.44,2026-09-25,4,400.0,300.0,357.5,Bull Put Credit Spread,Short Put: $300.00,Regaining,1.59,-1.23,5.66,55.1,VOLATILITY,403.92,407.16,399.17,406.1,1472609,QUANT SIGNAL: Bullish
2026-09-21 17:31:30,PANW,Moomoo Default,Standard,~28 DTE,Bullish,POSITIVE GAMMA,369.44,2026-10-16,25,450.0,320.0,350.0,Bull Put Credit Spread,Short Put: $320.00,Regaining,1.59,-1.23,5.66,55.1,VOLATILITY,403.92,407.16,399.17,406.1,1472609,QUANT SIGNAL: Bullish
2026-09-21 17:31:27,PSX,Moomoo Default,Standard,~7 DTE,Neutral,POSITIVE GAMMA,266.06,2026-09-25,4,280.0,245.0,257.5,Stand Aside (Conflicting Signals),,Consolidating,-2.3,3.8,11.18,68.1,VOLATILITY,264.6,270.38,262.03,270.05,858936,QUANT SIGNAL: Neutral
2026-09-21 17:31:27,PSX,Moomoo Default,Standard,~28 DTE,Neutral,POSITIVE GAMMA,266.06,2026-10-16,25,280.0,220.0,260.0,Stand Aside (Conflicting Signals),,Consolidating,-2.3,3.8,11.18,68.1,VOLATILITY,264.6,270.38,262.03,270.05,858936,QUANT SIGNAL: Neutral
2026-09-21 17:32:01,QCOM,Moomoo Default,High,~7 DTE,Breakout,NEGATIVE GAMMA,192.295,2026-09-25,4,200.0,175.0,192.295,Stand Aside (Conflicting Signals),,Strong_Expansion,8.28,6.82,20.37,64.9,VOLATILITY,185.07,185.48,180.49,181.86,5495861,QUANT SIGNAL: Breakout
2026-09-21 17:32:01,QCOM,Moomoo Default,High,~28 DTE,Breakout,NEGATIVE GAMMA,192.295,2026-10-16,25,200.0,160.0,192.295,Stand Aside (Conflicting Signals),,Strong_Expansion,8.28,6.82,20.37,64.9,VOLATILITY,185.07,185.48,180.49,181.86,5495861,QUANT SIGNAL: Breakout
2026-09-21 17:31:36,QQQ,Moomoo Default,High,~28 DTE,Breakout,POSITIVE GAMMA,739.0,2026-10-16,25,750.0,700.0,725.0,Stand Aside (Conflicting Signals),,Strong_Expansion,2.45,4.22,3.97,64.8,VOLATILITY,749.34,754.87,749.08,754.68,14542963,QUANT SIGNAL: Breakout
2026-09-21 17:33:10,RVTY,Moomoo Default,High,~7 DTE,Breakout,POSITIVE GAMMA,143.87,2026-10-16,25,155.0,120.0,140.0,Stand Aside (Conflicting Signals),,Strong_Expansion,0.29,11.97,15.9,69.5,,151.45,154.39,150.38,154.37,486995,QUANT SIGNAL: Breakout
2026-09-21 17:33:10,RVTY,Moomoo Default,High,~28 DTE,Breakout,POSITIVE GAMMA,143.87,2026-10-16,25,155.0,120.0,140.0,Stand Aside (Conflicting Signals),,Strong_Expansion,0.29,11.97,15.9,69.5,,151.45,154.39,150.38,154.37,486995,QUANT SIGNAL: Breakout
2026-09-21 17:31:38,SMH,Moomoo Default,High,~7 DTE,Breakout,NEGATIVE GAMMA,592.075,2026-09-28,7,560.0,542.5,592.075,Stand Aside (Conflicting Signals),,Strong_Expansion,3.49,9.51,5.39,60.3,VOLATILITY,631.47,632.4,626.96,632.05,2019513,QUANT SIGNAL: Breakout
2026-09-21 17:31:38,SMH,Moomoo Default,High,~28 DTE,Breakout,POSITIVE GAMMA,592.075,2026-10-16,25,615.0,535.0,580.0,Stand Aside (Conflicting Signals),,Strong_Expansion,3.49,9.51,5.39,60.3,VOLATILITY,631.47,632.4,626.96,632.05,2019513,QUANT SIGNAL: Breakout
2026-09-21 17:32:07,SOXL,Moomoo Default,High,~7 DTE,Breakout,POSITIVE GAMMA,139.29,2026-09-25,4,130.0,70.0,132.0,Stand Aside (Conflicting Signals),,Strong_Expansion,12.73,37.85,14.07,58.4,VOLATILITY,161.66,162.97,158.08,162.74,25023091,QUANT SIGNAL: Breakout
2026-09-21 17:32:07,SOXL,Moomoo Default,High,~28 DTE,Breakout,NEGATIVE GAMMA,139.29,2026-10-16,25,150.0,80.0,139.29,Stand Aside (Conflicting Signals),,Strong_Expansion,12.73,37.85,14.07,58.4,VOLATILITY,161.66,162.97,158.08,162.74,25023091,QUANT SIGNAL: Breakout
2026-09-21 17:31:40,SOXX,Moomoo Default,High,~7 DTE,Breakout,POSITIVE GAMMA,554.955,2026-09-25,4,580.0,475.0,522.5,Stand Aside (Conflicting Signals),,Strong_Expansion,4.23,11.78,6.44,61.0,VOLATILITY,586.76,588.0,582.08,587.75,2485507,QUANT SIGNAL: Breakout
2026-09-21 17:31:40,SOXX,Moomoo Default,High,~28 DTE,Breakout,POSITIVE GAMMA,554.955,2026-10-16,25,600.0,480.0,530.0,Stand Aside (Conflicting Signals),,Strong_Expansion,4.23,11.78,6.44,61.0,VOLATILITY,586.76,588.0,582.08,587.75,2485507,QUANT SIGNAL: Breakout
2026-09-21 17:32:28,SPY,Moomoo Default,High,~28 DTE,Breakout,POSITIVE GAMMA,772.82,2026-10-16,25,800.0,750.0,750.0,Stand Aside (Conflicting Signals),,Strong_Expansion,1.43,1.79,1.56,59.2,,769.69,774.54,769.69,774.29,17101663,QUANT SIGNAL: Breakout
2026-09-21 17:31:35,STX,Moomoo Default,High,~7 DTE,Breakout,POSITIVE GAMMA,871.675,2026-09-25,4,940.0,810.0,840.0,Stand Aside (Conflicting Signals),,Strong_Expansion,1.53,8.24,2.55,54.4,VOLATILITY,876.0,903.0,875.0,891.01,3922695,QUANT SIGNAL: Breakout
2026-09-21 17:31:35,STX,Moomoo Default,High,~28 DTE,Breakout,POSITIVE GAMMA,871.675,2026-10-16,25,900.0,650.0,850.0,Stand Aside (Conflicting Signals),,Strong_Expansion,1.53,8.24,2.55,54.4,VOLATILITY,876.0,903.0,875.0,891.01,3922695,QUANT SIGNAL: Breakout
2026-09-21 17:33:12,SWKS,Moomoo Default,High,~7 DTE,Breakout,POSITIVE GAMMA,89.495,2026-10-16,25,90.0,80.0,85.0,Stand Aside (Conflicting Signals),,Strong_Expansion,0.78,12.86,31.67,65.2,,84.9,84.9,80.87,82.72,2805541,QUANT SIGNAL: Breakout
2026-09-21 17:33:12,SWKS,Moomoo Default,High,~28 DTE,Breakout,POSITIVE GAMMA,89.495,2026-10-16,25,90.0,80.0,85.0,Stand Aside (Conflicting Signals),,Strong_Expansion,0.78,12.86,31.67,65.2,,84.9,84.9,80.87,82.72,2805541,QUANT SIGNAL: Breakout
2026-09-21 17:32:30,TMO,Moomoo Default,High,~7 DTE,Breakout,POSITIVE GAMMA,655.6,2026-09-25,4,700.0,660.0,620.0,Stand Aside (Conflicting Signals),,Strong_Expansion,0.63,6.92,4.55,68.9,,648.04,668.56,648.04,668.4,683497,QUANT SIGNAL: Breakout
2026-09-21 17:32:30,TMO,Moomoo Default,High,~28 DTE,Breakout,POSITIVE GAMMA,655.6,2026-10-16,25,700.0,640.0,640.0,Stand Aside (Conflicting Signals),,Strong_Expansion,0.63,6.92,4.55,68.9,,648.04,668.56,648.04,668.4,683497,QUANT SIGNAL: Breakout
2026-09-21 17:32:18,TQQQ,Moomoo Default,High,~7 DTE,Breakout,POSITIVE GAMMA,78.22,2026-09-28,7,76.0,75.0,75.0,Stand Aside (Conflicting Signals),,Strong_Expansion,7.69,12.93,10.99,63.9,VOLATILITY,80.96,82.72,80.85,82.66,25521968,QUANT SIGNAL: Breakout
2026-09-21 17:32:18,TQQQ,Moomoo Default,High,~28 DTE,Breakout,NEGATIVE GAMMA,78.22,2026-10-16,25,85.0,60.0,78.22,Stand Aside (Conflicting Signals),,Strong_Expansion,7.69,12.93,10.99,63.9,VOLATILITY,80.96,82.72,80.85,82.66,25521968,QUANT SIGNAL: Breakout
2026-09-21 17:33:02,TXN,Moomoo Default,High,~7 DTE,Breakout,POSITIVE GAMMA,269.22,2026-09-25,4,272.5,245.0,257.5,Stand Aside (Conflicting Signals),,Strong_Expansion,0.93,2.16,1.32,53.3,,291.49,293.47,288.75,293.25,1243591,QUANT SIGNAL: Breakout
2026-09-21 17:33:02,TXN,Moomoo Default,High,~28 DTE,Breakout,POSITIVE GAMMA,269.22,2026-10-16,25,270.0,240.0,260.0,Stand Aside (Conflicting Signals),,Strong_Expansion,0.93,2.16,1.32,53.3,,291.49,293.47,288.75,293.25,1243591,QUANT SIGNAL: Breakout
2026-09-21 17:32:10,UAL,Moomoo Default,High,~7 DTE,Breakout,POSITIVE GAMMA,113.365,2026-09-25,4,115.0,100.0,108.0,Stand Aside (Conflicting Signals),,Strong_Expansion,4.27,4.03,1.47,52.3,VOLATILITY,113.18,113.4,111.05,111.67,2225216,QUANT SIGNAL: Breakout
2026-09-21 17:32:10,UAL,Moomoo Default,High,~28 DTE,Breakout,POSITIVE GAMMA,113.365,2026-10-16,25,120.0,110.0,110.0,Stand Aside (Conflicting Signals),,Strong_Expansion,4.27,4.03,1.47,52.3,VOLATILITY,113.18,113.4,111.05,111.67,2225216,QUANT SIGNAL: Breakout
2026-09-21 17:31:28,USO,Moomoo Default,Standard,~7 DTE,Bullish,NEGATIVE GAMMA,147.435,2026-09-30,9,160.0,140.0,148.0,Bull Put Credit Spread,Short Put: $140.00,Pullback_Reset,-4.08,-5.82,9.67,55.1,VOLATILITY,144.64,147.11,143.76,144.91,2296824,QUANT SIGNAL: Bullish
2026-09-21 17:31:28,USO,Moomoo Default,Standard,~28 DTE,Bullish,POSITIVE GAMMA,147.435,2026-10-16,25,151.0,100.0,145.0,Bull Put Credit Spread,Short Put: $100.00,Pullback_Reset,-4.08,-5.82,9.67,55.1,VOLATILITY,144.64,147.11,143.76,144.91,2296824,QUANT SIGNAL: Bullish
2026-09-21 17:31:26,VLO,Moomoo Default,Standard,~7 DTE,Neutral,POSITIVE GAMMA,403.44,2026-09-25,4,445.0,357.5,402.5,Stand Aside (Conflicting Signals),,Consolidating,-1.96,5.81,18.65,72.4,VOLATILITY,404.99,420.99,404.6,420.91,1262758,QUANT SIGNAL: Neutral
2026-09-21 17:31:26,VLO,Moomoo Default,Standard,~28 DTE,Neutral,POSITIVE GAMMA,403.44,2026-10-16,25,440.0,320.0,390.0,Stand Aside (Conflicting Signals),,Consolidating,-1.96,5.81,18.65,72.4,VOLATILITY,404.99,420.99,404.6,420.91,1262758,QUANT SIGNAL: Neutral
2026-09-21 17:33:00,VRSN,Moomoo Default,High,~7 DTE,Breakout,POSITIVE GAMMA,305.93,2026-10-16,25,310.0,210.0,290.0,Stand Aside (Conflicting Signals),,Strong_Expansion,0.95,2.47,10.5,66.1,,287.89,292.83,287.12,292.73,210280,QUANT SIGNAL: Breakout
2026-09-21 17:33:00,VRSN,Moomoo Default,High,~28 DTE,Breakout,POSITIVE GAMMA,305.93,2026-10-16,25,310.0,210.0,290.0,Stand Aside (Conflicting Signals),,Strong_Expansion,0.95,2.47,10.5,66.1,,287.89,292.83,287.12,292.73,210280,QUANT SIGNAL: Breakout
2026-09-21 17:32:24,VTRS,Moomoo Default,High,~7 DTE,Breakout,NEGATIVE GAMMA,17.265,2026-10-16,25,19.0,15.0,17.265,Stand Aside (Conflicting Signals),,Strong_Expansion,1.86,3.63,7.91,60.8,VOLATILITY,17.82,17.9,17.45,17.73,2616184,QUANT SIGNAL: Breakout
2026-09-21 17:32:24,VTRS,Moomoo Default,High,~28 DTE,Breakout,NEGATIVE GAMMA,17.265,2026-10-16,25,19.0,15.0,17.265,Stand Aside (Conflicting Signals),,Strong_Expansion,1.86,3.63,7.91,60.8,VOLATILITY,17.82,17.9,17.45,17.73,2616184,QUANT SIGNAL: Breakout
2026-09-21 17:32:31,WAT,Moomoo Default,High,~7 DTE,Breakout,POSITIVE GAMMA,423.56,2026-10-16,25,440.0,380.0,400.0,Stand Aside (Conflicting Signals),,Strong_Expansion,0.4,3.24,4.6,59.9,,425.61,437.42,423.03,437.42,513769,QUANT SIGNAL: Breakout
2026-09-21 17:32:31,WAT,Moomoo Default,High,~28 DTE,Breakout,POSITIVE GAMMA,423.56,2026-10-16,25,440.0,380.0,400.0,Stand Aside (Conflicting Signals),,Strong_Expansion,0.4,3.24,4.6,59.9,,425.61,437.42,423.03,437.42,513769,QUANT SIGNAL: Breakout
2026-09-21 17:32:23,WBD,Moomoo Default,High,~7 DTE,Breakout,POSITIVE GAMMA,30.915,2026-09-25,4,29.0,27.5,29.5,Stand Aside (Conflicting Signals),,Strong_Expansion,11.17,9.98,9.48,76.3,VOLATILITY,30.95,30.98,30.94,30.97,34577081,QUANT SIGNAL: Breakout
2026-09-21 17:32:23,WBD,Moomoo Default,High,~28 DTE,Breakout,POSITIVE GAMMA,30.915,2026-10-16,25,29.0,20.0,30.5,Stand Aside (Conflicting Signals),,Strong_Expansion,11.17,9.98,9.48,76.3,VOLATILITY,30.95,30.98,30.94,30.97,34577081,QUANT SIGNAL: Breakout
2026-09-21 17:31:57,XLK,Moomoo Default,High,~7 DTE,Breakout,POSITIVE GAMMA,193.88,2026-09-25,4,190.0,186.0,189.0,Stand Aside (Conflicting Signals),,Strong_Expansion,2.28,5.24,5.91,64.2,VOLATILITY,200.27,201.15,199.95,200.57,3495561,QUANT SIGNAL: Breakout
2026-09-21 17:31:57,XLK,Moomoo Default,High,~28 DTE,Breakout,POSITIVE GAMMA,193.88,2026-10-16,25,192.0,185.0,185.0,Stand Aside (Conflicting Signals),,Strong_Expansion,2.28,5.24,5.91,64.2,VOLATILITY,200.27,201.15,199.95,200.57,3495561,QUANT SIGNAL: Breakout
