Ticker,Price,Open,High,Low,Close,Volume,1D%,5D%,1M%,RSI,Phase,Alert,Momentum_Signal
AMAT,530.27,546.0,546.0,526.52,530.27,4876100,-2.21,3.57,16.62,64.1,Consolidating,VOLATILITY,Neutral
TER,430.32,445.07,448.0,427.04,430.32,2010000,-3.2,6.77,20.53,62.0,Consolidating,VOLATILITY,Neutral
ILMN,273.54,301.58,309.35,271.55,273.54,4380500,-6.86,0.57,25.35,62.8,Consolidating,VOLATILITY,Neutral
RVTY,153.3,161.62,166.25,151.45,153.3,2678200,-2.58,0.35,17.72,66.1,Consolidating,VOLATILITY,Neutral
P,147.2,146.0,149.04,144.5,147.2,3579100,2.31,13.19,47.92,81.0,Exhausted_Trap,VOLATILITY,Bearish
TMO,656.58,683.35,694.33,654.51,656.58,2748200,-2.98,-3.39,7.06,54.7,Losing_Momentum_Flush,VOLATILITY,Bearish
MRNA,187.46,202.09,212.22,186.64,187.46,18759000,-7.75,-7.86,28.79,60.4,Pullback_Reset,VOLATILITY,Bullish
MAR,361.28,357.52,362.46,356.76,361.28,1338000,1.51,-0.09,7.36,61.1,Regaining,VOLATILITY,Bullish
HLT,322.61,318.06,324.66,317.95,322.61,1317100,2.05,-0.26,3.67,57.7,Regaining,VOLATILITY,Bullish
JBL,309.19,300.32,309.25,299.0,309.19,1222300,2.74,-3.03,-0.44,50.3,Regaining,VOLATILITY,Bullish
FIX,1817.96,1725.0,1835.04,1720.0,1817.96,443400,6.12,9.18,12.89,67.5,Strong_Expansion,VOLATILITY,Breakout
LITE,1133.4,1099.81,1137.2,1084.04,1133.4,4249500,3.82,16.43,28.61,70.1,Strong_Expansion,VOLATILITY,Breakout
EQIX,1047.36,1036.6,1052.32,1034.24,1047.36,394500,2.34,3.16,1.1,55.3,Strong_Expansion,VOLATILITY,Breakout
GEV,1029.21,1001.35,1052.78,995.05,1029.21,2528000,3.96,6.93,9.26,65.0,Strong_Expansion,VOLATILITY,Breakout
CAT,863.44,853.0,876.95,851.47,863.44,1971400,1.8,4.45,6.08,63.4,Strong_Expansion,VOLATILITY,Breakout
EME,824.52,786.18,834.23,785.0,824.52,422600,5.82,8.2,9.33,65.8,Strong_Expansion,VOLATILITY,Breakout
PWR,719.56,689.9,722.21,685.95,719.56,1132300,5.29,10.42,15.26,70.7,Strong_Expansion,VOLATILITY,Breakout
AMD,649.42,648.04,658.52,628.0,649.42,24200600,2.8,6.89,35.98,72.2,Strong_Expansion,VOLATILITY,Breakout
DELL,574.0,561.78,587.19,560.96,574.0,5386800,3.93,6.38,9.51,59.8,Strong_Expansion,VOLATILITY,Breakout
FFIV,469.79,463.0,472.0,460.32,469.79,518400,2.46,7.24,20.31,69.6,Strong_Expansion,VOLATILITY,Breakout
ETN,445.09,436.4,446.73,434.02,445.09,1592900,2.89,2.73,8.33,59.9,Strong_Expansion,VOLATILITY,Breakout
CIEN,443.65,393.58,446.37,392.0,443.65,6382800,13.85,25.0,38.21,69.7,Strong_Expansion,VOLATILITY,Breakout
PANW,419.91,412.8,432.33,412.0,419.91,5440700,3.23,8.11,26.0,67.5,Strong_Expansion,VOLATILITY,Breakout
ZBRA,385.78,377.35,390.8,374.63,385.78,650000,2.69,2.61,6.35,69.0,Strong_Expansion,VOLATILITY,Breakout
AVGO,375.81,367.03,380.84,364.01,375.81,30791100,3.67,5.83,5.2,59.0,Strong_Expansion,VOLATILITY,Breakout
BE,295.78,295.25,300.8,285.64,295.78,12308900,3.19,1.56,16.97,60.3,Strong_Expansion,VOLATILITY,Breakout
MRVL,287.01,271.26,301.27,267.26,287.01,51160800,5.81,9.02,28.39,69.9,Strong_Expansion,VOLATILITY,Breakout
CRWD,278.86,278.0,286.99,276.0,278.86,7929500,2.27,6.14,30.86,72.0,Strong_Expansion,VOLATILITY,Breakout
NTAP,228.45,224.8,230.49,223.95,228.45,2842900,2.09,9.21,23.09,74.8,Strong_Expansion,VOLATILITY,Breakout
GNRC,223.62,216.37,227.15,215.47,223.62,1027900,3.91,5.37,19.36,64.0,Strong_Expansion,VOLATILITY,Breakout
ANET,215.36,208.0,216.07,207.2,215.36,6969400,4.09,6.16,11.14,66.8,Strong_Expansion,VOLATILITY,Breakout
FTNT,191.27,187.51,192.41,186.5,191.27,4242900,3.88,8.7,22.38,72.2,Strong_Expansion,VOLATILITY,Breakout
GLW,168.97,161.01,170.63,160.5,168.97,8863300,6.02,6.46,9.51,58.9,Strong_Expansion,VOLATILITY,Breakout
Q,133.63,132.5,133.66,130.49,133.63,1326200,1.6,6.38,10.92,63.4,Strong_Expansion,VOLATILITY,Breakout
DD,133.28,131.35,134.0,130.68,133.28,716700,1.98,2.43,1.28,55.6,Strong_Expansion,VOLATILITY,Breakout
FLEX,121.38,118.01,121.84,116.2,121.38,2706800,3.96,6.63,10.84,60.9,Strong_Expansion,VOLATILITY,Breakout
CSCO,117.94,113.53,118.4,113.31,117.94,21021600,4.54,10.71,8.42,68.5,Strong_Expansion,VOLATILITY,Breakout
IRM,116.5,113.96,117.41,113.96,116.5,1258600,3.71,4.48,0.47,54.3,Strong_Expansion,VOLATILITY,Breakout
CIBR,108.13,107.54,109.07,107.1,108.13,2411400,2.0,6.04,14.32,69.2,Strong_Expansion,VOLATILITY,Breakout
ECHO,100.01,99.81,100.9,97.86,100.01,4553900,1.83,11.26,11.37,67.1,Strong_Expansion,VOLATILITY,Breakout
PNW,98.04,96.49,98.24,96.36,98.04,1328000,2.17,4.97,0.53,61.2,Strong_Expansion,VOLATILITY,Breakout
APH,88.62,88.7,89.93,88.21,88.62,9353700,1.55,5.07,7.22,67.7,Strong_Expansion,VOLATILITY,Breakout
HPE,70.48,69.77,71.22,68.56,70.48,16627800,3.1,14.62,35.88,69.7,Strong_Expansion,VOLATILITY,Breakout
KMI,32.16,31.38,32.31,31.12,32.16,15695900,2.39,5.62,2.42,60.0,Strong_Expansion,VOLATILITY,Breakout
MPWR,1473.69,1487.88,1491.64,1458.79,1473.69,374700,-0.42,8.84,20.59,68.6,Consolidating,,Neutral
SMH,632.5,638.38,639.47,631.49,632.5,5064600,-0.22,4.22,11.55,68.6,Consolidating,,Neutral
SOXX,589.45,593.54,596.39,588.64,589.45,4422100,-0.01,3.88,13.46,66.7,Consolidating,,Neutral
MPC,432.36,428.45,435.69,427.2,432.36,1570100,-0.26,10.29,11.18,71.7,Consolidating,,Neutral
VLO,419.22,416.25,422.99,413.43,419.22,1908400,-0.03,8.12,13.08,70.1,Consolidating,,Neutral
SOXL,164.26,167.34,169.83,163.42,164.26,44565100,-0.01,11.74,40.15,65.3,Consolidating,,Neutral
MTD,1533.07,1560.0,1585.72,1512.52,1533.07,196000,-0.56,-0.28,13.96,64.6,Pullback_Reset,,Bullish
WAT,436.43,445.74,454.54,431.62,436.43,1056700,-0.84,-1.54,6.61,58.8,Pullback_Reset,,Bullish
WST,372.64,379.02,381.16,367.64,372.64,401400,-1.09,-1.06,9.61,58.7,Pullback_Reset,,Bullish
WAB,291.16,292.59,294.72,290.38,291.16,654700,-0.24,-0.02,2.93,55.6,Pullback_Reset,,Bullish
A,169.33,172.77,176.38,168.01,169.33,1869400,-1.0,-3.11,12.41,61.8,Pullback_Reset,,Bullish
VTRS,17.54,17.77,17.87,17.31,17.54,6675700,-0.45,-3.2,3.91,56.1,Pullback_Reset,,Bullish
^NDX,31224.47,31255.4,31361.37,31208.2,31224.47,8451470000,0.48,2.92,5.69,69.8,Strong_Expansion,,Breakout
^SPX,7818.93,7805.96,7844.52,7805.96,7818.93,5019650000,0.58,1.93,1.3,62.3,Strong_Expansion,,Breakout
URI,1080.62,1075.53,1101.41,1075.0,1080.62,367000,0.59,6.51,7.01,59.1,Strong_Expansion,,Breakout
PH,984.91,980.0,992.0,975.7,984.91,376600,0.95,1.5,2.32,56.6,Strong_Expansion,,Breakout
MCK,921.67,921.0,928.46,914.23,921.67,680500,0.68,6.57,1.51,61.6,Strong_Expansion,,Breakout
^XSP,781.89,780.6,784.45,780.6,781.89,0,0.58,1.93,1.3,62.3,Strong_Expansion,,Breakout
SPY,779.09,778.15,781.62,777.96,779.09,36006700,0.55,1.95,1.41,62.7,Strong_Expansion,,Breakout
QQQ,759.66,760.52,762.86,759.1,759.66,26452100,0.46,2.94,5.77,70.1,Strong_Expansion,,Breakout
HUBB,485.41,483.51,492.63,482.0,485.41,504061,0.99,5.73,5.36,62.8,Strong_Expansion,,Breakout
TT,476.39,472.13,480.39,472.01,476.39,1579900,1.2,4.57,6.36,69.0,Strong_Expansion,,Breakout
ADI,420.55,421.08,422.67,417.19,420.55,2263400,0.35,5.61,16.09,73.5,Strong_Expansion,,Breakout
HUM,404.27,405.02,408.04,396.04,404.27,1982900,0.05,4.5,0.68,59.1,Strong_Expansion,,Breakout
KEYS,388.03,387.49,389.93,384.07,388.03,1479700,1.0,7.59,18.59,74.9,Strong_Expansion,,Breakout
RL,368.67,367.14,368.92,362.45,368.67,491600,0.86,3.58,5.27,62.2,Strong_Expansion,,Breakout
GOOGL,347.68,347.37,349.09,344.68,347.68,18394700,0.35,1.98,2.72,53.4,Strong_Expansion,,Breakout
GOOG,344.59,344.64,345.67,341.7,344.59,13150900,0.22,2.16,2.77,53.6,Strong_Expansion,,Breakout
COHR,338.36,336.21,341.3,331.39,338.36,6415200,1.41,15.79,20.05,60.7,Strong_Expansion,,Breakout
AAPL,333.63,332.28,334.38,330.62,333.63,30425700,0.22,1.28,4.27,54.6,Strong_Expansion,,Breakout
TXN,297.23,295.45,298.75,294.23,297.23,3285600,0.79,5.52,15.01,72.4,Strong_Expansion,,Breakout
VRSN,293.1,291.84,294.88,290.45,293.1,889600,0.29,4.74,0.35,53.3,Strong_Expansion,,Breakout
DDOG,278.24,278.0,285.68,276.0,278.24,1755600,0.66,3.6,30.67,70.6,Strong_Expansion,,Breakout
PSX,269.79,266.75,271.82,266.27,269.79,1608500,0.03,6.95,5.76,67.1,Strong_Expansion,,Breakout
ABBV,266.69,267.74,268.86,260.62,266.69,4500700,0.35,1.29,3.99,59.8,Strong_Expansion,,Breakout
AME,253.72,252.71,255.41,251.84,253.72,892300,0.71,1.17,6.89,64.4,Strong_Expansion,,Breakout
NXPI,244.38,242.98,245.35,240.45,244.38,1732300,1.0,3.35,7.74,60.1,Strong_Expansion,,Breakout
WSM,242.25,240.7,246.43,239.22,242.25,1171700,1.49,5.34,6.52,63.5,Strong_Expansion,,Breakout
NVDA,239.24,242.1,243.37,238.93,239.24,100868800,0.14,5.29,3.97,67.3,Strong_Expansion,,Breakout
IEX,236.28,236.11,239.7,235.48,236.28,530200,0.42,2.87,5.94,65.1,Strong_Expansion,,Breakout
XLK,202.0,202.48,203.25,201.87,202.0,6124000,0.53,3.86,7.99,71.7,Strong_Expansion,,Breakout
XOM,164.48,163.06,165.95,162.94,164.48,9285400,0.29,1.94,3.14,56.1,Strong_Expansion,,Breakout
JCI,158.76,157.67,160.41,156.73,158.76,3790400,1.22,6.25,9.84,70.9,Strong_Expansion,,Breakout
QQQE,122.99,122.68,123.45,122.68,122.99,157400,0.57,2.23,2.0,62.9,Strong_Expansion,,Breakout
ON,86.31,86.9,86.92,85.22,86.31,8704000,0.44,13.64,16.04,67.1,Strong_Expansion,,Breakout
TQQQ,84.25,84.54,85.32,84.09,84.25,36703100,1.36,8.77,16.64,69.3,Strong_Expansion,,Breakout
MAGS,73.9,73.98,74.12,73.64,73.9,3990400,0.54,3.52,6.42,68.1,Strong_Expansion,,Breakout
XLE,63.75,63.02,64.06,62.93,63.75,27824500,0.47,3.59,0.11,57.1,Strong_Expansion,,Breakout
FTV,57.89,57.67,58.28,57.54,57.89,2452200,0.89,4.48,1.67,56.7,Strong_Expansion,,Breakout
FAST,50.81,50.63,51.39,50.53,50.81,4706300,0.24,1.7,2.44,57.8,Strong_Expansion,,Breakout
APA,44.1,43.3,44.4,43.23,44.1,3423200,0.57,4.53,3.11,54.9,Strong_Expansion,,Breakout
LUV,42.45,42.34,43.16,41.86,42.45,4837900,1.43,0.88,7.14,56.5,Strong_Expansion,,Breakout
HST,22.48,22.58,22.81,22.42,22.48,6625300,0.18,1.08,2.87,54.4,Strong_Expansion,,Breakout
